﻿<?xml version="1.0" encoding="utf-8" ?>

<Questions>
  
  <Question>
    <Title>What is the purpose of parallel processing?</Title>
    <Answers>
      
      <Answer>
        <Text>To make cpu usage as efficient as possible</Text>
        <isCorrect>true</isCorrect>
      </Answer>
      
      <Answer>
        <Text>To increase task power</Text>
        <isCorrect>false</isCorrect>
      </Answer>

      <Answer>
        <Text>To stop a large amount of programs faster</Text>
        <isCorrect>false</isCorrect>
      </Answer>

      <Answer>
        <Text>To autonomously drive vehicles</Text>
        <isCorrect>false</isCorrect>
      </Answer>
      
    </Answers>
    
  </Question>

  <Question>
    <Title>What is parallel processing?</Title>
    <Answers>
      
      <Answer>
        <Text>When a machine mimics cognitive functions</Text>
        <isCorrect>false</isCorrect>
      </Answer>

      <Answer>
        <Text>Simultaneous computing</Text>
        <isCorrect>true</isCorrect>
      </Answer>

      <Answer>
        <Text>Processing which uses multithreading</Text>
        <isCorrect>false</isCorrect>
      </Answer>

      <Answer>
        <Text>CPU expressions which exceed the nominal workload</Text>
        <isCorrect>false</isCorrect>
      </Answer>
      
    </Answers>

  </Question>
  
</Questions>
